{"$schema":"http://schema.management.azure.com/schemas/2015-01-01/deploymentTemplate.json#","contentVersion":"1.0.0.0","parameters":{"Lkh_CapacityReportData":{"type":"string"}},"variables":{},"resources":[{"name":"Pipeline_GetCapacityUsage","type":"pipelines","apiVersion":"2018-06-01","properties":{"activities":[{"name":"Copy background details","type":"Copy","dependsOn":[{"activity":"Notebook1","dependencyConditions":["Succeeded"]}],"policy":{"timeout":"0.12:00:00","retry":0,"retryIntervalInSeconds":30,"secureOutput":false,"secureInput":false},"typeProperties":{"source":{"type":"LakehouseTableSource","datasetSettings":{"annotations":[],"linkedService":{"name":"Lkh_CapacityReportData","properties":{"annotations":[],"type":"Lakehouse","typeProperties":{"workspaceId":"1c0073d5-1ff1-4af1-9a1d-7f57255eb849","artifactId":"[parameters('Lkh_CapacityReportData')]","rootFolder":"Tables"}}},"type":"LakehouseTable","schema":[],"typeProperties":{"table":"landing_BackgroundDetails"}}},"sink":{"type":"LakehouseTableSink","tableActionOption":"Upsert","upsertSettings":{"keys":["BackgroundDetailKey","BackgroundDetailOperationStartTime"]},"applyVOrder":true,"datasetSettings":{"annotations":[],"linkedService":{"name":"Lkh_CapacityReportData","properties":{"annotations":[],"type":"Lakehouse","typeProperties":{"workspaceId":"1c0073d5-1ff1-4af1-9a1d-7f57255eb849","artifactId":"[parameters('Lkh_CapacityReportData')]","rootFolder":"Tables"}}},"type":"LakehouseTable","schema":[],"typeProperties":{"table":"DB_BackgroundDetails"}}},"enableStaging":false,"translator":{"type":"TabularTranslator","typeConversion":true,"typeConversionSettings":{"allowDataTruncation":true,"treatBooleanAsNumber":false}}}},{"name":"Copy capacities","type":"Copy","dependsOn":[{"activity":"Notebook1","dependencyConditions":["Succeeded"]}],"policy":{"timeout":"0.12:00:00","retry":0,"retryIntervalInSeconds":30,"secureOutput":false,"secureInput":false},"typeProperties":{"source":{"type":"LakehouseTableSource","datasetSettings":{"annotations":[],"linkedService":{"name":"Lkh_CapacityReportData","properties":{"annotations":[],"type":"Lakehouse","typeProperties":{"workspaceId":"1c0073d5-1ff1-4af1-9a1d-7f57255eb849","artifactId":"[parameters('Lkh_CapacityReportData')]","rootFolder":"Tables"}}},"type":"LakehouseTable","schema":[],"typeProperties":{"table":"landing_Capacities"}}},"sink":{"type":"LakehouseTableSink","tableActionOption":"Upsert","upsertSettings":{"keys":["CapacitiescapacityId"]},"applyVOrder":true,"datasetSettings":{"annotations":[],"linkedService":{"name":"Lkh_CapacityReportData","properties":{"annotations":[],"type":"Lakehouse","typeProperties":{"workspaceId":"1c0073d5-1ff1-4af1-9a1d-7f57255eb849","artifactId":"[parameters('Lkh_CapacityReportData')]","rootFolder":"Tables"}}},"type":"LakehouseTable","schema":[],"typeProperties":{"table":"DB_Capacities"}}},"enableStaging":false,"translator":{"type":"TabularTranslator","typeConversion":true,"typeConversionSettings":{"allowDataTruncation":true,"treatBooleanAsNumber":false}}}},{"name":"Copy InteractiveDetails","type":"Copy","dependsOn":[{"activity":"Notebook1","dependencyConditions":["Succeeded"]}],"policy":{"timeout":"0.12:00:00","retry":0,"retryIntervalInSeconds":30,"secureOutput":false,"secureInput":false},"typeProperties":{"source":{"type":"LakehouseTableSource","datasetSettings":{"annotations":[],"linkedService":{"name":"Lkh_CapacityReportData","properties":{"annotations":[],"type":"Lakehouse","typeProperties":{"workspaceId":"1c0073d5-1ff1-4af1-9a1d-7f57255eb849","artifactId":"[parameters('Lkh_CapacityReportData')]","rootFolder":"Tables"}}},"type":"LakehouseTable","schema":[],"typeProperties":{"table":"landing_InteractiveDetails"}}},"sink":{"type":"LakehouseTableSink","tableActionOption":"Upsert","upsertSettings":{"keys":["InteractiveDetailItemId","InteractiveDetailOperationStartTime"]},"applyVOrder":true,"datasetSettings":{"annotations":[],"linkedService":{"name":"Lkh_CapacityReportData","properties":{"annotations":[],"type":"Lakehouse","typeProperties":{"workspaceId":"1c0073d5-1ff1-4af1-9a1d-7f57255eb849","artifactId":"[parameters('Lkh_CapacityReportData')]","rootFolder":"Tables"}}},"type":"LakehouseTable","schema":[],"typeProperties":{"table":"DB_InteractiveDetails"}}},"enableStaging":false,"translator":{"type":"TabularTranslator","typeConversion":true,"typeConversionSettings":{"allowDataTruncation":true,"treatBooleanAsNumber":false}}}},{"name":"Copy Items","type":"Copy","dependsOn":[{"activity":"Notebook1","dependencyConditions":["Succeeded"]}],"policy":{"timeout":"0.12:00:00","retry":0,"retryIntervalInSeconds":30,"secureOutput":false,"secureInput":false},"typeProperties":{"source":{"type":"LakehouseTableSource","datasetSettings":{"annotations":[],"linkedService":{"name":"Lkh_CapacityReportData","properties":{"annotations":[],"type":"Lakehouse","typeProperties":{"workspaceId":"1c0073d5-1ff1-4af1-9a1d-7f57255eb849","artifactId":"[parameters('Lkh_CapacityReportData')]","rootFolder":"Tables"}}},"type":"LakehouseTable","schema":[],"typeProperties":{"table":"landing_Items"}}},"sink":{"type":"LakehouseTableSink","tableActionOption":"Upsert","upsertSettings":{"keys":["ItemsItemId"]},"applyVOrder":true,"datasetSettings":{"annotations":[],"linkedService":{"name":"Lkh_CapacityReportData","properties":{"annotations":[],"type":"Lakehouse","typeProperties":{"workspaceId":"1c0073d5-1ff1-4af1-9a1d-7f57255eb849","artifactId":"[parameters('Lkh_CapacityReportData')]","rootFolder":"Tables"}}},"type":"LakehouseTable","schema":[],"typeProperties":{"table":"DB_Items"}}},"enableStaging":false,"translator":{"type":"TabularTranslator","typeConversion":true,"typeConversionSettings":{"allowDataTruncation":true,"treatBooleanAsNumber":false}}}},{"name":"Notebook1","type":"TridentNotebook","dependsOn":[],"policy":{"timeout":"0.12:00:00","retry":0,"retryIntervalInSeconds":30,"secureOutput":false,"secureInput":false},"typeProperties":{"notebookId":"ceaee271-d183-4440-b513-0c480bb5f6d6","workspaceId":"1c0073d5-1ff1-4af1-9a1d-7f57255eb849"}},{"name":"Copy Storage By workspace and day","type":"Copy","dependsOn":[{"activity":"Notebook1","dependencyConditions":["Succeeded"]}],"policy":{"timeout":"0.12:00:00","retry":0,"retryIntervalInSeconds":30,"secureOutput":false,"secureInput":false},"typeProperties":{"source":{"type":"LakehouseTableSource","datasetSettings":{"annotations":[],"linkedService":{"name":"Lkh_CapacityReportData","properties":{"annotations":[],"type":"Lakehouse","typeProperties":{"workspaceId":"1c0073d5-1ff1-4af1-9a1d-7f57255eb849","artifactId":"[parameters('Lkh_CapacityReportData')]","rootFolder":"Tables"}}},"type":"LakehouseTable","schema":[],"typeProperties":{"table":"landing_StorageByWorkspaceAndDay"}}},"sink":{"type":"LakehouseTableSink","tableActionOption":"Upsert","upsertSettings":{"keys":["StorageByWorkspacesandDayWorkspaceKey","StorageByWorkspacesandDayDate"]},"applyVOrder":true,"datasetSettings":{"annotations":[],"linkedService":{"name":"Lkh_CapacityReportData","properties":{"annotations":[],"type":"Lakehouse","typeProperties":{"workspaceId":"1c0073d5-1ff1-4af1-9a1d-7f57255eb849","artifactId":"[parameters('Lkh_CapacityReportData')]","rootFolder":"Tables"}}},"type":"LakehouseTable","schema":[],"typeProperties":{"table":"DB_StorageByWorksapceAndDay"}}},"enableStaging":false,"translator":{"type":"TabularTranslator","typeConversion":true,"typeConversionSettings":{"allowDataTruncation":true,"treatBooleanAsNumber":false}}}},{"name":"Copy Items_copy1","type":"Copy","dependsOn":[{"activity":"Notebook1","dependencyConditions":["Succeeded"]}],"policy":{"timeout":"0.12:00:00","retry":0,"retryIntervalInSeconds":30,"secureOutput":false,"secureInput":false},"typeProperties":{"source":{"type":"LakehouseTableSource","additionalColumns":[{"name":"CreatedDate","value":{"value":"@utcNow()","type":"Expression"}}],"datasetSettings":{"annotations":[],"linkedService":{"name":"Lkh_CapacityReportData","properties":{"annotations":[],"type":"Lakehouse","typeProperties":{"workspaceId":"1c0073d5-1ff1-4af1-9a1d-7f57255eb849","artifactId":"[parameters('Lkh_CapacityReportData')]","rootFolder":"Tables"}}},"type":"LakehouseTable","schema":[],"typeProperties":{"table":"landing_Workspaces"}}},"sink":{"type":"LakehouseTableSink","tableActionOption":"Upsert","upsertSettings":{"keys":["WorkspacesWorkspaceKey","WorkspacesWorkspaceProvisionState"]},"applyVOrder":true,"datasetSettings":{"annotations":[],"linkedService":{"name":"Lkh_CapacityReportData","properties":{"annotations":[],"type":"Lakehouse","typeProperties":{"workspaceId":"1c0073d5-1ff1-4af1-9a1d-7f57255eb849","artifactId":"[parameters('Lkh_CapacityReportData')]","rootFolder":"Tables"}}},"type":"LakehouseTable","schema":[],"typeProperties":{"table":"DB_Workspaces"}}},"enableStaging":false,"translator":{"type":"TabularTranslator","typeConversion":true,"typeConversionSettings":{"allowDataTruncation":true,"treatBooleanAsNumber":false}}}}],"lastModifiedByObjectId":"6a729151-dacf-41a3-9672-46899abf793a","lastPublishTime":"2025-10-03T19:22:41Z"},"dependsOn":[]}]}