{"$schema":"http://schema.management.azure.com/schemas/2015-01-01/deploymentTemplate.json#","contentVersion":"1.0.0.0","parameters":{"PowerBIDatasets WIV.PowerBI":{"type":"string"},"Lkh_SemanticLink":{"type":"string"}},"variables":{},"resources":[{"name":"Pipeline dagelijkse refresh","type":"pipelines","apiVersion":"2018-06-01","properties":{"activities":[{"name":"Get users","type":"TridentNotebook","dependsOn":[{"activity":"get workspaces","dependencyConditions":["Succeeded"]}],"policy":{"retry":0,"retryIntervalInSeconds":30,"secureOutput":false,"secureInput":false},"typeProperties":{"notebookId":"83d47b39-883c-44a6-a9a7-8dc7c6fa157d","workspaceId":"1c0073d5-1ff1-4af1-9a1d-7f57255eb849"}},{"name":"get workspaces","type":"TridentNotebook","dependsOn":[],"policy":{"timeout":"0.12:00:00","retry":0,"retryIntervalInSeconds":30,"secureOutput":false,"secureInput":false},"typeProperties":{"notebookId":"54fc3b2e-9361-418e-a2cf-bc2d65ce77b6","workspaceId":"1c0073d5-1ff1-4af1-9a1d-7f57255eb849"}},{"name":"get items","type":"TridentNotebook","dependsOn":[{"activity":"get workspaces","dependencyConditions":["Succeeded"]}],"policy":{"timeout":"0.12:00:00","retry":0,"retryIntervalInSeconds":30,"secureOutput":false,"secureInput":false},"typeProperties":{"notebookId":"9cf4cf72-5ea1-42da-b2b9-9f68481e7e12","workspaceId":"1c0073d5-1ff1-4af1-9a1d-7f57255eb849"}},{"name":"Get Dataflows","type":"TridentNotebook","dependsOn":[{"activity":"get workspaces","dependencyConditions":["Succeeded"]}],"policy":{"timeout":"0.12:00:00","retry":0,"retryIntervalInSeconds":30,"secureOutput":false,"secureInput":false},"typeProperties":{"notebookId":"f315c906-32a2-4901-b99c-5bbb743f0c3c","workspaceId":"1c0073d5-1ff1-4af1-9a1d-7f57255eb849"}},{"name":"Dataflow1","type":"RefreshDataflow","dependsOn":[{"activity":"Wait1","dependencyConditions":["Completed"]}],"policy":{"timeout":"0.12:00:00","retry":0,"retryIntervalInSeconds":30,"secureOutput":false,"secureInput":false},"typeProperties":{"dataflowId":"4619da68-259d-469a-a7ff-269fe161569b","workspaceId":"1c0073d5-1ff1-4af1-9a1d-7f57255eb849","notifyOption":"NoNotification","dataflowType":"Dataflow-Gen2"}},{"name":"Get capacities","type":"TridentNotebook","dependsOn":[],"policy":{"timeout":"0.12:00:00","retry":0,"retryIntervalInSeconds":30,"secureOutput":false,"secureInput":false},"typeProperties":{"notebookId":"c6a48b4c-f29d-41f9-a3b8-996844c1f2a6","workspaceId":"1c0073d5-1ff1-4af1-9a1d-7f57255eb849"}},{"name":"Get RefreshHistory","type":"TridentNotebook","dependsOn":[{"activity":"get items","dependencyConditions":["Succeeded"]}],"policy":{"timeout":"0.12:00:00","retry":0,"retryIntervalInSeconds":30,"secureOutput":false,"secureInput":false},"typeProperties":{"notebookId":"4b5bb4f6-1c0c-47b8-883a-7423d227c5aa","workspaceId":"1c0073d5-1ff1-4af1-9a1d-7f57255eb849"}},{"name":"Semantic model refresh1","type":"PBISemanticModelRefresh","dependsOn":[{"activity":"Dataflow1","dependencyConditions":["Succeeded"]}],"policy":{"timeout":"0.12:00:00","retry":0,"retryIntervalInSeconds":30,"secureOutput":false,"secureInput":false},"typeProperties":{"method":"post","waitOnCompletion":true,"commitMode":"Transactional","operationType":"SemanticModelRefresh","groupId":"1c0073d5-1ff1-4af1-9a1d-7f57255eb849","datasetId":"6d356974-1ea7-44ef-baf7-450d00bb5428"},"externalReferences":{"connection":"[parameters('PowerBIDatasets WIV.PowerBI')]"}},{"name":"Wait1","type":"Wait","dependsOn":[{"activity":"Upsert Dataflows to silver","dependencyConditions":["Completed"]},{"activity":"Upsert users to silver","dependencyConditions":["Completed"]},{"activity":"Upsert workspaces to silver","dependencyConditions":["Completed"]},{"activity":"Upsert items to silver","dependencyConditions":["Completed"]},{"activity":"Upsert capacities to silver","dependencyConditions":["Completed"]},{"activity":"Upsert refresh history to silver","dependencyConditions":["Completed"]},{"activity":"If Condition1","dependencyConditions":["Succeeded"]}],"typeProperties":{"waitTimeInSeconds":600}},{"name":"Upsert refresh history to silver","type":"Copy","dependsOn":[{"activity":"Get RefreshHistory","dependencyConditions":["Succeeded"]}],"policy":{"timeout":"0.12:00:00","retry":0,"retryIntervalInSeconds":30,"secureOutput":false,"secureInput":false},"typeProperties":{"source":{"type":"LakehouseTableSource","datasetSettings":{"annotations":[],"linkedService":{"name":"Lkh_SemanticLink","properties":{"annotations":[],"type":"Lakehouse","typeProperties":{"workspaceId":"1c0073d5-1ff1-4af1-9a1d-7f57255eb849","artifactId":"[parameters('Lkh_SemanticLink')]","rootFolder":"Tables"}}},"type":"LakehouseTable","schema":[],"typeProperties":{"table":"Landing_Fabric_SM_RefreshHistory"}}},"sink":{"type":"LakehouseTableSink","tableActionOption":"Upsert","upsertSettings":{"keys":["RequestId","WSID"]},"applyVOrder":true,"datasetSettings":{"annotations":[],"linkedService":{"name":"Lkh_SemanticLink","properties":{"annotations":[],"type":"Lakehouse","typeProperties":{"workspaceId":"1c0073d5-1ff1-4af1-9a1d-7f57255eb849","artifactId":"[parameters('Lkh_SemanticLink')]","rootFolder":"Tables"}}},"type":"LakehouseTable","schema":[],"typeProperties":{"table":"DB_SM_RefreshHistory"}}},"enableStaging":false,"translator":{"type":"TabularTranslator","typeConversion":true,"typeConversionSettings":{"allowDataTruncation":true,"treatBooleanAsNumber":false}}}},{"name":"Upsert users to silver","type":"Copy","dependsOn":[{"activity":"Get users","dependencyConditions":["Succeeded"]}],"policy":{"timeout":"0.12:00:00","retry":0,"retryIntervalInSeconds":30,"secureOutput":false,"secureInput":false},"typeProperties":{"source":{"type":"LakehouseTableSource","datasetSettings":{"annotations":[],"linkedService":{"name":"Lkh_SemanticLink","properties":{"annotations":[],"type":"Lakehouse","typeProperties":{"workspaceId":"1c0073d5-1ff1-4af1-9a1d-7f57255eb849","artifactId":"[parameters('Lkh_SemanticLink')]","rootFolder":"Tables"}}},"type":"LakehouseTable","schema":[],"typeProperties":{"table":"Landing_Fabric_Users"}}},"sink":{"type":"LakehouseTableSink","tableActionOption":"Upsert","upsertSettings":{"keys":["UserID","WSID"]},"applyVOrder":true,"datasetSettings":{"annotations":[],"linkedService":{"name":"Lkh_SemanticLink","properties":{"annotations":[],"type":"Lakehouse","typeProperties":{"workspaceId":"1c0073d5-1ff1-4af1-9a1d-7f57255eb849","artifactId":"[parameters('Lkh_SemanticLink')]","rootFolder":"Tables"}}},"type":"LakehouseTable","schema":[],"typeProperties":{"table":"DB_Users"}}},"enableStaging":false,"translator":{"type":"TabularTranslator","typeConversion":true,"typeConversionSettings":{"allowDataTruncation":true,"treatBooleanAsNumber":false}}}},{"name":"Upsert capacities to silver","type":"Copy","dependsOn":[{"activity":"Get capacities","dependencyConditions":["Succeeded"]}],"policy":{"timeout":"0.12:00:00","retry":0,"retryIntervalInSeconds":30,"secureOutput":false,"secureInput":false},"typeProperties":{"source":{"type":"LakehouseTableSource","datasetSettings":{"annotations":[],"linkedService":{"name":"Lkh_SemanticLink","properties":{"annotations":[],"type":"Lakehouse","typeProperties":{"workspaceId":"1c0073d5-1ff1-4af1-9a1d-7f57255eb849","artifactId":"[parameters('Lkh_SemanticLink')]","rootFolder":"Tables"}}},"type":"LakehouseTable","schema":[],"typeProperties":{"table":"Landing_Fabric_Capacities"}}},"sink":{"type":"LakehouseTableSink","tableActionOption":"Upsert","upsertSettings":{"keys":["Id"]},"applyVOrder":true,"datasetSettings":{"annotations":[],"linkedService":{"name":"Lkh_SemanticLink","properties":{"annotations":[],"type":"Lakehouse","typeProperties":{"workspaceId":"1c0073d5-1ff1-4af1-9a1d-7f57255eb849","artifactId":"[parameters('Lkh_SemanticLink')]","rootFolder":"Tables"}}},"type":"LakehouseTable","schema":[],"typeProperties":{"table":"DB_Capacities"}}},"enableStaging":false,"translator":{"type":"TabularTranslator","typeConversion":true,"typeConversionSettings":{"allowDataTruncation":true,"treatBooleanAsNumber":false}}}},{"name":"Upsert Dataflows to silver","type":"Copy","dependsOn":[{"activity":"Get Dataflows","dependencyConditions":["Succeeded"]}],"policy":{"timeout":"0.12:00:00","retry":0,"retryIntervalInSeconds":30,"secureOutput":false,"secureInput":false},"typeProperties":{"source":{"type":"LakehouseTableSource","datasetSettings":{"annotations":[],"linkedService":{"name":"Lkh_SemanticLink","properties":{"annotations":[],"type":"Lakehouse","typeProperties":{"workspaceId":"1c0073d5-1ff1-4af1-9a1d-7f57255eb849","artifactId":"[parameters('Lkh_SemanticLink')]","rootFolder":"Tables"}}},"type":"LakehouseTable","schema":[],"typeProperties":{"table":"Landing_Fabric_Dataflows"}}},"sink":{"type":"LakehouseTableSink","tableActionOption":"Upsert","upsertSettings":{"keys":["DataflowId","WSID"]},"applyVOrder":true,"datasetSettings":{"annotations":[],"linkedService":{"name":"Lkh_SemanticLink","properties":{"annotations":[],"type":"Lakehouse","typeProperties":{"workspaceId":"1c0073d5-1ff1-4af1-9a1d-7f57255eb849","artifactId":"[parameters('Lkh_SemanticLink')]","rootFolder":"Tables"}}},"type":"LakehouseTable","schema":[],"typeProperties":{"table":"DB_Dataflows"}}},"enableStaging":false,"translator":{"type":"TabularTranslator","typeConversion":true,"typeConversionSettings":{"allowDataTruncation":true,"treatBooleanAsNumber":false}}}},{"name":"Upsert workspaces to silver","type":"Copy","dependsOn":[{"activity":"get workspaces","dependencyConditions":["Succeeded"]}],"policy":{"timeout":"0.12:00:00","retry":0,"retryIntervalInSeconds":30,"secureOutput":false,"secureInput":false},"typeProperties":{"source":{"type":"LakehouseTableSource","datasetSettings":{"annotations":[],"linkedService":{"name":"Lkh_SemanticLink","properties":{"annotations":[],"type":"Lakehouse","typeProperties":{"workspaceId":"1c0073d5-1ff1-4af1-9a1d-7f57255eb849","artifactId":"[parameters('Lkh_SemanticLink')]","rootFolder":"Tables"}}},"type":"LakehouseTable","schema":[],"typeProperties":{"table":"Landing_Fabric_Workspaces"}}},"sink":{"type":"LakehouseTableSink","tableActionOption":"Upsert","upsertSettings":{"keys":["Id"]},"applyVOrder":true,"datasetSettings":{"annotations":[],"linkedService":{"name":"Lkh_SemanticLink","properties":{"annotations":[],"type":"Lakehouse","typeProperties":{"workspaceId":"1c0073d5-1ff1-4af1-9a1d-7f57255eb849","artifactId":"[parameters('Lkh_SemanticLink')]","rootFolder":"Tables"}}},"type":"LakehouseTable","schema":[],"typeProperties":{"table":"DB_Workspaces"}}},"enableStaging":false,"translator":{"type":"TabularTranslator","typeConversion":true,"typeConversionSettings":{"allowDataTruncation":true,"treatBooleanAsNumber":false}}}},{"name":"Upsert items to silver","type":"Copy","dependsOn":[{"activity":"get items","dependencyConditions":["Succeeded"]}],"policy":{"timeout":"0.12:00:00","retry":0,"retryIntervalInSeconds":30,"secureOutput":false,"secureInput":false},"typeProperties":{"source":{"type":"LakehouseTableSource","datasetSettings":{"annotations":[],"linkedService":{"name":"Lkh_SemanticLink","properties":{"annotations":[],"type":"Lakehouse","typeProperties":{"workspaceId":"1c0073d5-1ff1-4af1-9a1d-7f57255eb849","artifactId":"[parameters('Lkh_SemanticLink')]","rootFolder":"Tables"}}},"type":"LakehouseTable","schema":[],"typeProperties":{"table":"Landing_Fabric_Items"}}},"sink":{"type":"LakehouseTableSink","tableActionOption":"Upsert","upsertSettings":{"keys":["Id","WSID"]},"applyVOrder":true,"datasetSettings":{"annotations":[],"linkedService":{"name":"Lkh_SemanticLink","properties":{"annotations":[],"type":"Lakehouse","typeProperties":{"workspaceId":"1c0073d5-1ff1-4af1-9a1d-7f57255eb849","artifactId":"[parameters('Lkh_SemanticLink')]","rootFolder":"Tables"}}},"type":"LakehouseTable","schema":[],"typeProperties":{"table":"DB_Items"}}},"enableStaging":false,"translator":{"type":"TabularTranslator","typeConversion":true,"typeConversionSettings":{"allowDataTruncation":true,"treatBooleanAsNumber":false}}}},{"name":"Set DayOfWeek","type":"SetVariable","dependsOn":[],"policy":{"secureOutput":false,"secureInput":false},"typeProperties":{"variableName":"DayOfWeek","value":{"value":"@dayOfWeek(utcNow())","type":"Expression"}}},{"name":"If Condition1","type":"IfCondition","dependsOn":[{"activity":"Set DayOfWeek","dependencyConditions":["Succeeded"]},{"activity":"get items","dependencyConditions":["Succeeded"]}],"typeProperties":{"expression":{"value":"@or(equals(variables('DayOfWeek'),6),pipeline().parameters.FullRun)","type":"Expression"},"ifFalseActivities":[],"ifTrueActivities":[{"name":"Get measures","type":"TridentNotebook","dependsOn":[],"policy":{"timeout":"0.12:00:00","retry":0,"retryIntervalInSeconds":30,"secureOutput":false,"secureInput":false},"typeProperties":{"notebookId":"8ee0e587-3ebe-409b-939c-e5410a25d190","workspaceId":"1c0073d5-1ff1-4af1-9a1d-7f57255eb849"}},{"name":"Get relationships","type":"TridentNotebook","dependsOn":[],"policy":{"timeout":"0.12:00:00","retry":0,"retryIntervalInSeconds":30,"secureOutput":false,"secureInput":false},"typeProperties":{"notebookId":"bd5eb96f-3e1e-4419-a1e7-c3bc823dca16","workspaceId":"1c0073d5-1ff1-4af1-9a1d-7f57255eb849"}},{"name":"Get columns","type":"TridentNotebook","dependsOn":[],"policy":{"timeout":"0.12:00:00","retry":0,"retryIntervalInSeconds":30,"secureOutput":false,"secureInput":false},"typeProperties":{"notebookId":"c198585b-5220-4991-be1a-0db4387293f4","workspaceId":"1c0073d5-1ff1-4af1-9a1d-7f57255eb849"}},{"name":"Overwrite Measures to silver","type":"Copy","dependsOn":[{"activity":"Get measures","dependencyConditions":["Succeeded"]}],"policy":{"timeout":"0.12:00:00","retry":0,"retryIntervalInSeconds":30,"secureOutput":false,"secureInput":false},"typeProperties":{"source":{"type":"LakehouseTableSource","datasetSettings":{"annotations":[],"linkedService":{"name":"Lkh_SemanticLink","properties":{"annotations":[],"type":"Lakehouse","typeProperties":{"workspaceId":"1c0073d5-1ff1-4af1-9a1d-7f57255eb849","artifactId":"[parameters('Lkh_SemanticLink')]","rootFolder":"Tables"}}},"type":"LakehouseTable","schema":[],"typeProperties":{"table":"Landing_Fabric_Measures"}}},"sink":{"type":"LakehouseTableSink","tableActionOption":"OverwriteSchema","partitionOption":"None","applyVOrder":true,"datasetSettings":{"annotations":[],"linkedService":{"name":"Lkh_SemanticLink","properties":{"annotations":[],"type":"Lakehouse","typeProperties":{"workspaceId":"1c0073d5-1ff1-4af1-9a1d-7f57255eb849","artifactId":"[parameters('Lkh_SemanticLink')]","rootFolder":"Tables"}}},"type":"LakehouseTable","schema":[],"typeProperties":{"table":"DB_Measures"}}},"enableStaging":false,"translator":{"type":"TabularTranslator","typeConversion":true,"typeConversionSettings":{"allowDataTruncation":true,"treatBooleanAsNumber":false}}}},{"name":"Upsert relationships to silver","type":"Copy","dependsOn":[{"activity":"Get relationships","dependencyConditions":["Succeeded"]}],"policy":{"timeout":"0.12:00:00","retry":0,"retryIntervalInSeconds":30,"secureOutput":false,"secureInput":false},"typeProperties":{"source":{"type":"LakehouseTableSource","datasetSettings":{"annotations":[],"linkedService":{"name":"Lkh_SemanticLink","properties":{"annotations":[],"type":"Lakehouse","typeProperties":{"workspaceId":"1c0073d5-1ff1-4af1-9a1d-7f57255eb849","artifactId":"[parameters('Lkh_SemanticLink')]","rootFolder":"Tables"}}},"type":"LakehouseTable","schema":[],"typeProperties":{"table":"Landing_Fabric_Relations"}}},"sink":{"type":"LakehouseTableSink","tableActionOption":"OverwriteSchema","partitionOption":"None","applyVOrder":true,"datasetSettings":{"annotations":[],"linkedService":{"name":"Lkh_SemanticLink","properties":{"annotations":[],"type":"Lakehouse","typeProperties":{"workspaceId":"1c0073d5-1ff1-4af1-9a1d-7f57255eb849","artifactId":"[parameters('Lkh_SemanticLink')]","rootFolder":"Tables"}}},"type":"LakehouseTable","schema":[],"typeProperties":{"table":"DB_Relations"}}},"enableStaging":false,"translator":{"type":"TabularTranslator","typeConversion":true,"typeConversionSettings":{"allowDataTruncation":true,"treatBooleanAsNumber":false}}}},{"name":"Overwrite columns to silver","type":"Copy","dependsOn":[{"activity":"Get columns","dependencyConditions":["Succeeded"]}],"policy":{"timeout":"0.12:00:00","retry":0,"retryIntervalInSeconds":30,"secureOutput":false,"secureInput":false},"typeProperties":{"source":{"type":"LakehouseTableSource","datasetSettings":{"annotations":[],"linkedService":{"name":"Lkh_SemanticLink","properties":{"annotations":[],"type":"Lakehouse","typeProperties":{"workspaceId":"1c0073d5-1ff1-4af1-9a1d-7f57255eb849","artifactId":"[parameters('Lkh_SemanticLink')]","rootFolder":"Tables"}}},"type":"LakehouseTable","schema":[],"typeProperties":{"table":"Landing_Fabric_Columns"}}},"sink":{"type":"LakehouseTableSink","tableActionOption":"OverwriteSchema","partitionOption":"None","applyVOrder":true,"datasetSettings":{"annotations":[],"linkedService":{"name":"Lkh_SemanticLink","properties":{"annotations":[],"type":"Lakehouse","typeProperties":{"workspaceId":"1c0073d5-1ff1-4af1-9a1d-7f57255eb849","artifactId":"[parameters('Lkh_SemanticLink')]","rootFolder":"Tables"}}},"type":"LakehouseTable","schema":[],"typeProperties":{"table":"DB_Columns"}}},"enableStaging":false,"translator":{"type":"TabularTranslator","typeConversion":true,"typeConversionSettings":{"allowDataTruncation":true,"treatBooleanAsNumber":false}}}}]}}],"parameters":{"FullRun":{"type":"bool","defaultValue":false}},"variables":{"DayOfWeek":{"type":"Integer"}},"lastModifiedByObjectId":"639d9b4a-037b-43aa-bd22-cc6444c9a227","lastPublishTime":"2025-09-15T09:27:16Z"},"dependsOn":[]}]}